/*add 10 accelrators*/
insert into Accelerators (AcceleratorId, Name) values (1, 'ewildbore0');
insert into Accelerators (AcceleratorId, Name) values (2, 'csowrey1');
insert into Accelerators (AcceleratorId, Name) values (3, 'iradborne2');
insert into Accelerators (AcceleratorId, Name) values (4, 'jtunnicliff3');
insert into Accelerators (AcceleratorId, Name) values (5, 'iesbrook4');
insert into Accelerators (AcceleratorId, Name) values (6, 'boxshott5');
insert into Accelerators (AcceleratorId, Name) values (7, 'vprice6');
insert into Accelerators (AcceleratorId, Name) values (8, 'cklimmek7');
insert into Accelerators (AcceleratorId, Name) values (9, 'adaymont8');
insert into Accelerators (AcceleratorId, Name) values (10, 'bseifenmacher9');
/*add 25 projects*/
insert into Projects (ProjectId, Name) values (1, 'nicorelief');
insert into Projects (ProjectId, Name) values (2, 'leader antacid');
insert into Projects (ProjectId, Name) values (3, 'HEMATOGEN FORTE');
insert into Projects (ProjectId, Name) values (4, 'Heparin Sodium and Dextrose');
insert into Projects (ProjectId, Name) values (5, 'Rifadin');
insert into Projects (ProjectId, Name) values (6, 'Oxsoralen');
insert into Projects (ProjectId, Name) values (7, 'Enalapril Maleate');
insert into Projects (ProjectId, Name) values (8, 'RESCRIPTOR');
insert into Projects (ProjectId, Name) values (9, 'Metab');
insert into Projects (ProjectId, Name) values (10, 'LEVOTHYROXINE');
insert into Projects (ProjectId, Name) values (11, 'Neutrogena MoistureShine SPF20');
insert into Projects (ProjectId, Name) values (12, 'Sprix');
insert into Projects (ProjectId, Name) values (13, 'Icy Hot Advanced Relief');
insert into Projects (ProjectId, Name) values (14, 'Respiratory Complex');
insert into Projects (ProjectId, Name) values (15, 'Dopram');
insert into Projects (ProjectId, Name) values (16, 'Metronidazole');
insert into Projects (ProjectId, Name) values (17, 'CARYA ILLINOINENSIS POLLEN');
insert into Projects (ProjectId, Name) values (18, 'Topiramate');
insert into Projects (ProjectId, Name) values (19, 'Clobetasol Propionate');
insert into Projects (ProjectId, Name) values (20, 'Allerfed');
insert into Projects (ProjectId, Name) values (21, 'Hydrocortisone');
insert into Projects (ProjectId, Name) values (22, 'Piroxicam');
insert into Projects (ProjectId, Name) values (23, 'Diazepam');
insert into Projects (ProjectId, Name) values (24, 'Revatio');
insert into Projects (ProjectId, Name) values (25, 'venlafaxine hydrochloride');
/*add 25 relations*/
insert into AcceleratorProjects (AcceleratorId, ProjectId) values (5, 1);
insert into AcceleratorProjects (AcceleratorId, ProjectId) values (8, 2);
insert into AcceleratorProjects (AcceleratorId, ProjectId) values (null, 3);
insert into AcceleratorProjects (AcceleratorId, ProjectId) values (1, 4);
insert into AcceleratorProjects (AcceleratorId, ProjectId) values (4, 5);
insert into AcceleratorProjects (AcceleratorId, ProjectId) values (3, 6);
insert into AcceleratorProjects (AcceleratorId, ProjectId) values (3, 7);
insert into AcceleratorProjects (AcceleratorId, ProjectId) values (1, 8);
insert into AcceleratorProjects (AcceleratorId, ProjectId) values (8, 9);
insert into AcceleratorProjects (AcceleratorId, ProjectId) values (null, 10);
insert into AcceleratorProjects (AcceleratorId, ProjectId) values (null, 11);
insert into AcceleratorProjects (AcceleratorId, ProjectId) values (7, 12);
insert into AcceleratorProjects (AcceleratorId, ProjectId) values (7, 13);
insert into AcceleratorProjects (AcceleratorId, ProjectId) values (null, 14);
insert into AcceleratorProjects (AcceleratorId, ProjectId) values (null, 15);
insert into AcceleratorProjects (AcceleratorId, ProjectId) values (null, 16);
insert into AcceleratorProjects (AcceleratorId, ProjectId) values (null, 17);
insert into AcceleratorProjects (AcceleratorId, ProjectId) values (9, 18);
insert into AcceleratorProjects (AcceleratorId, ProjectId) values (4, 19);
insert into AcceleratorProjects (AcceleratorId, ProjectId) values (7, 20);
insert into AcceleratorProjects (AcceleratorId, ProjectId) values (6, 21);
insert into AcceleratorProjects (AcceleratorId, ProjectId) values (4, 22);
insert into AcceleratorProjects (AcceleratorId, ProjectId) values (null, 23);
insert into AcceleratorProjects (AcceleratorId, ProjectId) values (10, 24);
insert into AcceleratorProjects (AcceleratorId, ProjectId) values (5, 25);
/*add 100 researches*/
insert into Researches (ResearchId, Name, ReleaseTime, ProjectId, NumberOfQuotes) values (1, 'ETHYL ALCOHOL', '1991-07-10T15:09:41Z', 23, 25);
insert into Researches (ResearchId, Name, ReleaseTime, ProjectId, NumberOfQuotes) values (2, 'Cocoa Bean Whole Bean Chocolate', '2001-07-06T11:02:12Z', 3, 10);
insert into Researches (ResearchId, Name, ReleaseTime, ProjectId, NumberOfQuotes) values (3, 'Horse Hair', '2020-09-07T08:23:21Z', 9, 67);
insert into Researches (ResearchId, Name, ReleaseTime, ProjectId, NumberOfQuotes) values (4, 'Clindamycin hydrochloride', '1997-01-31T07:23:25Z', 4, 42);
insert into Researches (ResearchId, Name, ReleaseTime, ProjectId, NumberOfQuotes) values (5, 'Lactulose', '2002-02-20T08:41:44Z', 1, 41);
insert into Researches (ResearchId, Name, ReleaseTime, ProjectId, NumberOfQuotes) values (6, 'Chloroxylenol', '2004-01-09T19:45:46Z', 22, 19);
insert into Researches (ResearchId, Name, ReleaseTime, ProjectId, NumberOfQuotes) values (7, 'Acetaminophen', '1993-07-21T08:23:05Z', 12, 55);
insert into Researches (ResearchId, Name, ReleaseTime, ProjectId, NumberOfQuotes) values (8, 'Urea', '1996-11-18T03:43:33Z', 25, 19);
insert into Researches (ResearchId, Name, ReleaseTime, ProjectId, NumberOfQuotes) values (9, 'Clotrimazole', '2016-05-01T08:19:09Z', 18, 10);
insert into Researches (ResearchId, Name, ReleaseTime, ProjectId, NumberOfQuotes) values (10, 'Acetaminophen and Diphenhydramine Citrate', '2015-05-22T23:22:19Z', 13, 90);
insert into Researches (ResearchId, Name, ReleaseTime, ProjectId, NumberOfQuotes) values (11, 'Clindamycin hydrochloride', '1997-01-31T07:23:25Z', 4, 42);
insert into Researches (ResearchId, Name, ReleaseTime, ProjectId, NumberOfQuotes) values (12, 'Ibuprofen', '2007-03-02T13:31:35Z', 13, 28);
insert into Researches (ResearchId, Name, ReleaseTime, ProjectId, NumberOfQuotes) values (13, 'Lovastatin', '2002-01-16T13:36:52Z', 11, 24);
insert into Researches (ResearchId, Name, ReleaseTime, ProjectId, NumberOfQuotes) values (14, 'ESZOPICLONE', '1996-03-05T17:34:47Z', 9, 51);
insert into Researches (ResearchId, Name, ReleaseTime, ProjectId, NumberOfQuotes) values (15, 'Ciprofloxacin', '2002-01-08T13:47:15Z', 2, 42);
insert into Researches (ResearchId, Name, ReleaseTime, ProjectId, NumberOfQuotes) values (16, 'HALOPERIDOL DECANOATE', '2015-09-27T18:39:56Z', 24, 21);
insert into Researches (ResearchId, Name, ReleaseTime, ProjectId, NumberOfQuotes) values (17, 'Titanium Dioxide and Zinc Oxide', '2018-11-19T06:33:20Z', 13, 63);
insert into Researches (ResearchId, Name, ReleaseTime, ProjectId, NumberOfQuotes) values (18, 'Diazepam', '2009-09-25T21:30:30Z', 15, 13);
insert into Researches (ResearchId, Name, ReleaseTime, ProjectId, NumberOfQuotes) values (19, 'pimecrolimus', '2002-06-28T02:27:24Z', 3, 57);
insert into Researches (ResearchId, Name, ReleaseTime, ProjectId, NumberOfQuotes) values (20, 'HEPARIN SODIUM', '1998-10-07T08:01:48Z', 18, 22);
insert into Researches (ResearchId, Name, ReleaseTime, ProjectId, NumberOfQuotes) values (21, 'meloxicam', '2002-08-31T02:00:12Z', 6, 12);
insert into Researches (ResearchId, Name, ReleaseTime, ProjectId, NumberOfQuotes) values (22, 'Glipizide and Metformin HCl', '2018-12-27T14:25:28Z', 16, 78);
insert into Researches (ResearchId, Name, ReleaseTime, ProjectId, NumberOfQuotes) values (23, 'acetic acid', '2005-10-10T21:05:45Z', 11, 64);
insert into Researches (ResearchId, Name, ReleaseTime, ProjectId, NumberOfQuotes) values (24, 'Cypress, Arizona Cupressus arizonica', '2017-05-24T07:33:57Z', 1, 35);
insert into Researches (ResearchId, Name, ReleaseTime, ProjectId, NumberOfQuotes) values (25, 'Allopurinol', '2004-02-06T07:31:53Z', 16, 61);
insert into Researches (ResearchId, Name, ReleaseTime, ProjectId, NumberOfQuotes) values (26, 'Phenazopyridine', '2017-10-10T16:24:54Z', 24, 86);
insert into Researches (ResearchId, Name, ReleaseTime, ProjectId, NumberOfQuotes) values (27, 'OXYGEN', '2004-09-12T11:33:58Z', 5, 90);
insert into Researches (ResearchId, Name, ReleaseTime, ProjectId, NumberOfQuotes) values (28, 'OATMEAL', '2001-06-29T13:26:38Z', 6, 20);
insert into Researches (ResearchId, Name, ReleaseTime, ProjectId, NumberOfQuotes) values (29, 'Histaminum Hydrochloricum', '2021-02-11T04:01:06Z', 25, 25);
insert into Researches (ResearchId, Name, ReleaseTime, ProjectId, NumberOfQuotes) values (30, 'Histaminum Hydrochloricum', '2021-02-11T04:01:06Z', 24, 21);
insert into Researches (ResearchId, Name, ReleaseTime, ProjectId, NumberOfQuotes) values (31, 'Nitrogen', '1996-02-03T13:24:03Z', 1, 78);
insert into Researches (ResearchId, Name, ReleaseTime, ProjectId, NumberOfQuotes) values (32, 'Fluconazole', '2007-12-01T12:19:58Z', 9, 68);
insert into Researches (ResearchId, Name, ReleaseTime, ProjectId, NumberOfQuotes) values (33, 'efinaconazole', '2021-06-29T06:38:29Z', 9, 57);
insert into Researches (ResearchId, Name, ReleaseTime, ProjectId, NumberOfQuotes) values (34, 'lansoprazole', '2003-11-14T10:08:01Z', 5, 71);
insert into Researches (ResearchId, Name, ReleaseTime, ProjectId, NumberOfQuotes) values (35, 'Clindamycin hydrochloride', '1997-01-31T07:23:25Z', 18, 22);
insert into Researches (ResearchId, Name, ReleaseTime, ProjectId, NumberOfQuotes) values (36, 'Mirtazapine', '2019-11-03T10:20:59Z', 23, 37);
insert into Researches (ResearchId, Name, ReleaseTime, ProjectId, NumberOfQuotes) values (38, 'Metolazone', '1999-11-10T21:54:09Z', 2, 36);
insert into Researches (ResearchId, Name, ReleaseTime, ProjectId, NumberOfQuotes) values (37, 'Histaminum Hydrochloricum', '2021-02-11T04:01:06Z', 15, 55);
insert into Researches (ResearchId, Name, ReleaseTime, ProjectId, NumberOfQuotes) values (39, 'bupropion hydrochloride', '1994-04-29T08:28:24Z', 21, 17);
insert into Researches (ResearchId, Name, ReleaseTime, ProjectId, NumberOfQuotes) values (40, 'phytonadione', '2001-12-16T22:29:01Z', 18, 26);
insert into Researches (ResearchId, Name, ReleaseTime, ProjectId, NumberOfQuotes) values (41, 'Slender Ragweed', '2014-10-17T16:33:11Z', 24, 57);
insert into Researches (ResearchId, Name, ReleaseTime, ProjectId, NumberOfQuotes) values (42, 'Western White Pine', '2021-04-02T21:21:15Z', 25, 64);
insert into Researches (ResearchId, Name, ReleaseTime, ProjectId, NumberOfQuotes) values (43, 'acyclovir', '1992-11-04T07:42:17Z', 2, 35);
insert into Researches (ResearchId, Name, ReleaseTime, ProjectId, NumberOfQuotes) values (44, 'Aconitum Napellus', '1994-01-05T01:34:30Z', 22, 17);
insert into Researches (ResearchId, Name, ReleaseTime, ProjectId, NumberOfQuotes) values (45, 'PANTOPRAZOLE SODIUM', '2019-03-16T00:33:29Z', 14, 83);
insert into Researches (ResearchId, Name, ReleaseTime, ProjectId, NumberOfQuotes) values (46, 'Hydroquinone, Octinoxate, and Zinc Oxide', '1995-12-04T10:53:57Z', 21, 65);
insert into Researches (ResearchId, Name, ReleaseTime, ProjectId, NumberOfQuotes) values (47, 'Arnica , Dulcamara, Bryonia , Berberis , Rhus tox', '2021-09-30T15:40:50Z', 1, 44);
insert into Researches (ResearchId, Name, ReleaseTime, ProjectId, NumberOfQuotes) values (48, 'alcohol', '2014-08-18T15:48:38Z', 20, 61);
insert into Researches (ResearchId, Name, ReleaseTime, ProjectId, NumberOfQuotes) values (49, 'sodium ferric gluconate complex', '2000-10-19T21:27:57Z', 8, 93);
insert into Researches (ResearchId, Name, ReleaseTime, ProjectId, NumberOfQuotes) values (50, 'AVOBENZONE HOMOSALATE OCTISALATE OXYBENZONE', '1999-12-16T06:38:15Z', 7, 83);
insert into Researches (ResearchId, Name, ReleaseTime, ProjectId, NumberOfQuotes) values (51, 'Darkleaves Mugwort', '2007-05-23T16:58:03Z', 11, 80);
insert into Researches (ResearchId, Name, ReleaseTime, ProjectId, NumberOfQuotes) values (52, 'Homeopathic Liquid', '1997-06-09T17:02:20Z', 19, 42);
insert into Researches (ResearchId, Name, ReleaseTime, ProjectId, NumberOfQuotes) values (54, 'perphenazine', '1997-12-27T09:30:46Z', 25, 89);
insert into Researches (ResearchId, Name, ReleaseTime, ProjectId, NumberOfQuotes) values (53, 'Clindamycin hydrochloride', '1997-01-31T07:23:25Z', 8, 92);
insert into Researches (ResearchId, Name, ReleaseTime, ProjectId, NumberOfQuotes) values (55, 'Oxybutynin Chloride', '2008-09-27T09:06:58Z', 22, 37);
insert into Researches (ResearchId, Name, ReleaseTime, ProjectId, NumberOfQuotes) values (56, 'Trolamine Salicylate', '2012-04-14T12:41:53Z', 2, 19);
insert into Researches (ResearchId, Name, ReleaseTime, ProjectId, NumberOfQuotes) values (57, 'Miconazole Nitrate', '1996-05-25T20:47:08Z', 25, 78);
insert into Researches (ResearchId, Name, ReleaseTime, ProjectId, NumberOfQuotes) values (58, 'lidocaine hydrochloride', '1991-04-17T01:10:34Z', 6, 49);
insert into Researches (ResearchId, Name, ReleaseTime, ProjectId, NumberOfQuotes) values (59, 'Acetaminophen, Aspirin and Caffeine', '2010-12-07T11:30:56Z', 11, 14);
insert into Researches (ResearchId, Name, ReleaseTime, ProjectId, NumberOfQuotes) values (60, 'LIDOCAINE HYDROCHLORIDE', '2014-02-27T14:48:31Z', 7, 95);
insert into Researches (ResearchId, Name, ReleaseTime, ProjectId, NumberOfQuotes) values (61, 'Hydrocortisone', '2003-04-03T21:11:45Z', 10, 79);
insert into Researches (ResearchId, Name, ReleaseTime, ProjectId, NumberOfQuotes) values (62, 'Diclofenac Sodium', '1997-11-29T04:58:39Z', 15, 38);
insert into Researches (ResearchId, Name, ReleaseTime, ProjectId, NumberOfQuotes) values (63, 'Calamine and Zinc Oxide and Phenol', '2016-11-29T01:16:03Z', 2, 100);
insert into Researches (ResearchId, Name, ReleaseTime, ProjectId, NumberOfQuotes) values (64, 'Capsaicin', '1991-09-12T04:04:32Z', 14, 81);
insert into Researches (ResearchId, Name, ReleaseTime, ProjectId, NumberOfQuotes) values (65, 'TITANIUM DIOXIDE, OCTINOXATE, ZINC OXIDE', '2004-09-15T14:14:59Z', 13, 94);
insert into Researches (ResearchId, Name, ReleaseTime, ProjectId, NumberOfQuotes) values (66, 'Solbar Avo SPF35', '2015-03-04T02:58:34Z', 1, 82);
insert into Researches (ResearchId, Name, ReleaseTime, ProjectId, NumberOfQuotes) values (67, 'sodium monofluorophosphate', '2004-05-19T09:14:03Z', 25, 96);
insert into Researches (ResearchId, Name, ReleaseTime, ProjectId, NumberOfQuotes) values (68, 'OXYMETAZOLINE HCL', '2004-08-17T14:29:40Z', 9, 79);
insert into Researches (ResearchId, Name, ReleaseTime, ProjectId, NumberOfQuotes) values (69, 'ginkgo leaf extract', '1999-06-07T14:00:19Z', 9, 49);
insert into Researches (ResearchId, Name, ReleaseTime, ProjectId, NumberOfQuotes) values (70, 'Lorazepam', '2021-08-10T15:50:59Z', 3, 99);
insert into Researches (ResearchId, Name, ReleaseTime, ProjectId, NumberOfQuotes) values (71, 'Octreotide acetate', '2012-04-14T12:34:36Z', 18, 90);
insert into Researches (ResearchId, Name, ReleaseTime, ProjectId, NumberOfQuotes) values (72, 'indomethacin', '2015-04-04T15:44:26Z', 7, 37);
insert into Researches (ResearchId, Name, ReleaseTime, ProjectId, NumberOfQuotes) values (73, 'Phenylephrine HCl', '2012-10-15T08:21:03Z', 23, 31);
insert into Researches (ResearchId, Name, ReleaseTime, ProjectId, NumberOfQuotes) values (74, 'Mycophenolate Mofetil', '1997-04-24T15:19:42Z', 1, 88);
insert into Researches (ResearchId, Name, ReleaseTime, ProjectId, NumberOfQuotes) values (75, 'SODIUM MONOFLUOROPHOSPHATE', '2017-02-14T20:27:54Z', 4, 98);
insert into Researches (ResearchId, Name, ReleaseTime, ProjectId, NumberOfQuotes) values (76, 'Triclosan', '1997-05-02T09:34:04Z', 16, 65);
insert into Researches (ResearchId, Name, ReleaseTime, ProjectId, NumberOfQuotes) values (77, 'BEE VENOM', '1994-07-09T18:03:17Z', 3, 49);
insert into Researches (ResearchId, Name, ReleaseTime, ProjectId, NumberOfQuotes) values (78, 'Acetaminophen', '2021-02-11T07:28:14Z', 10, 46);
insert into Researches (ResearchId, Name, ReleaseTime, ProjectId, NumberOfQuotes) values (79, 'OCTINOXATE, AVOBENZONE', '2001-03-24T23:42:14Z', 6, 77);
insert into Researches (ResearchId, Name, ReleaseTime, ProjectId, NumberOfQuotes) values (80, 'Sulfamethoxazole and Trimethoprim', '2012-08-30T17:29:49Z', 5, 65);
insert into Researches (ResearchId, Name, ReleaseTime, ProjectId, NumberOfQuotes) values (81, 'Omeprazole', '2008-04-21T17:30:25Z', 24, 41);
insert into Researches (ResearchId, Name, ReleaseTime, ProjectId, NumberOfQuotes) values (82, 'phenylephrine hcl, brompheniramine maleate', '1997-05-31T04:47:51Z', 21, 96);
insert into Researches (ResearchId, Name, ReleaseTime, ProjectId, NumberOfQuotes) values (83, 'hydrochlorothiazide', '1999-05-06T09:58:15Z', 25, 86);
insert into Researches (ResearchId, Name, ReleaseTime, ProjectId, NumberOfQuotes) values (84, 'Methyl Salicylate and Menthol', '1998-08-01T23:59:18Z', 4, 74);
insert into Researches (ResearchId, Name, ReleaseTime, ProjectId, NumberOfQuotes) values (85, 'methylcellulose', '2000-10-12T22:40:23Z', 23, 80);
insert into Researches (ResearchId, Name, ReleaseTime, ProjectId, NumberOfQuotes) values (86, 'Estradiol', '2016-11-17T09:06:40Z', 13, 21);
insert into Researches (ResearchId, Name, ReleaseTime, ProjectId, NumberOfQuotes) values (87, 'Sodium Fluoride', '2004-07-05T13:48:47Z', 13, 46);
insert into Researches (ResearchId, Name, ReleaseTime, ProjectId, NumberOfQuotes) values (88, 'bromfenac', '1995-10-25T11:34:45Z', 10, 53);
insert into Researches (ResearchId, Name, ReleaseTime, ProjectId, NumberOfQuotes) values (89, 'ACETAMINOPHEN, PHENYLEPHRINE HYDROCHLORIDE', '2009-03-20T23:49:35Z', 7, 12);
insert into Researches (ResearchId, Name, ReleaseTime, ProjectId, NumberOfQuotes) values (90, 'Torsemide', '1999-04-16T08:49:42Z', 25, 91);
insert into Researches (ResearchId, Name, ReleaseTime, ProjectId, NumberOfQuotes) values (91, 'Asafoetida', '2004-03-17T15:13:48Z', 21, 58);
insert into Researches (ResearchId, Name, ReleaseTime, ProjectId, NumberOfQuotes) values (92, 'Metformin Hydrochloride', '1998-06-16T21:05:04Z', 16, 81);
insert into Researches (ResearchId, Name, ReleaseTime, ProjectId, NumberOfQuotes) values (93, 'nitroglycerin', '2016-12-01T01:12:28Z', 21, 15);
insert into Researches (ResearchId, Name, ReleaseTime, ProjectId, NumberOfQuotes) values (94, 'ALUMINUM ZIRCONIUM TETRACHLOROHYDREX GLY', '2021-11-02T02:41:22Z', 2, 29);
insert into Researches (ResearchId, Name, ReleaseTime, ProjectId, NumberOfQuotes) values (95, 'Hydrochlorothiazide', '2011-08-19T18:00:40Z', 23, 55);
insert into Researches (ResearchId, Name, ReleaseTime, ProjectId, NumberOfQuotes) values (96, 'Dimethicone', '2020-04-02T04:06:32Z', 20, 34);
insert into Researches (ResearchId, Name, ReleaseTime, ProjectId, NumberOfQuotes) values (97, 'Ranitidine', '1992-12-05T18:49:17Z', 11, 11);
insert into Researches (ResearchId, Name, ReleaseTime, ProjectId, NumberOfQuotes) values (98, 'Fluconazole', '2018-08-02T20:30:00Z', 15, 10);
insert into Researches (ResearchId, Name, ReleaseTime, ProjectId, NumberOfQuotes) values (99, 'BENZALKONIUM CHLORIDE', '2001-03-23T02:34:50Z', 12, 74);
insert into Researches (ResearchId, Name, ReleaseTime, ProjectId, NumberOfQuotes) values (100, 'Tramadol Hydrochloride', '1995-10-02T05:49:04Z', 8, 69);
/*add 10 countries*/
insert into Countries (CountryId, Name, Population, PPP) values (1, 'Azerbaijan', 56293281, 20950.09);
insert into Countries (CountryId, Name, Population, PPP) values (2, 'Chile', 34751555, 97288.71);
insert into Countries (CountryId, Name, Population, PPP) values (3, 'Montserrat', 16519110, 84249.89);
insert into Countries (CountryId, Name, Population, PPP) values (4, 'France', 45833530, 39765.95);
insert into Countries (CountryId, Name, Population, PPP) values (5, 'China', 88257347, 35921.62);
insert into Countries (CountryId, Name, Population, PPP) values (6, 'Russia', 45360307, 68124.06);
insert into Countries (CountryId, Name, Population, PPP) values (7, 'Indonesia', 73193310, 8186.98);
insert into Countries (CountryId, Name, Population, PPP) values (8, 'Ireland', 31851946, 92093.06);
insert into Countries (CountryId, Name, Population, PPP) values (9, 'Greece', 10913749, 27547.71);
insert into Countries (CountryId, Name, Population, PPP) values (10, 'Mongolia', 94238976, 25215.44);
/*add 20 cities*/
insert into Cities (CityId, Name, CountryId) values (1, 'Reykjanesbær', 7);
insert into Cities (CityId, Name, CountryId) values (2, 'Krynki', 4);
insert into Cities (CityId, Name, CountryId) values (3, 'El Cerrito', 10);
insert into Cities (CityId, Name, CountryId) values (4, 'Weiyang', 3);
insert into Cities (CityId, Name, CountryId) values (5, 'Sabana de Parra', 10);
insert into Cities (CityId, Name, CountryId) values (6, 'Huancaray', 2);
insert into Cities (CityId, Name, CountryId) values (7, 'Cabadiangan', 4);
insert into Cities (CityId, Name, CountryId) values (8, 'Manchester', 10);
insert into Cities (CityId, Name, CountryId) values (9, 'Shireet', 6);
insert into Cities (CityId, Name, CountryId) values (10, 'Shuanghe', 1);
insert into Cities (CityId, Name, CountryId) values (11, 'Palana', 8);
insert into Cities (CityId, Name, CountryId) values (12, 'Dehī', 6);
insert into Cities (CityId, Name, CountryId) values (13, 'Alençon', 1);
insert into Cities (CityId, Name, CountryId) values (14, 'Cangchang', 3);
insert into Cities (CityId, Name, CountryId) values (15, 'Istres', 7);
insert into Cities (CityId, Name, CountryId) values (16, 'Kopang Satu', 8);
insert into Cities (CityId, Name, CountryId) values (17, 'Banikoara', 7);
insert into Cities (CityId, Name, CountryId) values (18, 'Nowe', 1);
insert into Cities (CityId, Name, CountryId) values (19, 'Pallanchacra', 2);
insert into Cities (CityId, Name, CountryId) values (20, 'President Roxas', 10);
/*add 40 hotels*/
insert into Hotels (HotelId, Name, CityId, Capacity) values (1, 'Glover-Schowalter', 18, 182);
insert into Hotels (HotelId, Name, CityId, Capacity) values (2, 'Olson-Ritchie', 4, 117);
insert into Hotels (HotelId, Name, CityId, Capacity) values (3, 'Wiegand, Schneider and Bins', 19, 198);
insert into Hotels (HotelId, Name, CityId, Capacity) values (4, 'Reichel-Zboncak', 20, 118);
insert into Hotels (HotelId, Name, CityId, Capacity) values (5, 'Feest-Borer', 9, 145);
insert into Hotels (HotelId, Name, CityId, Capacity) values (6, 'Jenkins, Huels and Dickinson', 14, 169);
insert into Hotels (HotelId, Name, CityId, Capacity) values (7, 'Sanford, Quigley and Rippin', 2, 161);
insert into Hotels (HotelId, Name, CityId, Capacity) values (8, 'Zieme LLC', 4, 110);
insert into Hotels (HotelId, Name, CityId, Capacity) values (9, 'Cummerata and Sons', 13, 115);
insert into Hotels (HotelId, Name, CityId, Capacity) values (10, 'Turcotte Inc', 17, 109);
insert into Hotels (HotelId, Name, CityId, Capacity) values (11, 'Schmitt, Durgan and Metz', 20, 133);
insert into Hotels (HotelId, Name, CityId, Capacity) values (12, 'Hayes-Runte', 13, 101);
insert into Hotels (HotelId, Name, CityId, Capacity) values (13, 'Cronin, Sawayn and Cassin', 14, 151);
insert into Hotels (HotelId, Name, CityId, Capacity) values (14, 'Gulgowski, Okuneva and Grady', 15, 170);
insert into Hotels (HotelId, Name, CityId, Capacity) values (15, 'Turner Inc', 14, 148);
insert into Hotels (HotelId, Name, CityId, Capacity) values (16, 'Blanda, Schamberger and Dare', 3, 186);
insert into Hotels (HotelId, Name, CityId, Capacity) values (17, 'Cummerata-Brekke', 9, 143);
insert into Hotels (HotelId, Name, CityId, Capacity) values (18, 'Dicki-Hane', 12, 176);
insert into Hotels (HotelId, Name, CityId, Capacity) values (19, 'Kutch, Kiehn and Paucek', 13, 156);
insert into Hotels (HotelId, Name, CityId, Capacity) values (20, 'Pacocha-Klocko', 3, 161);
insert into Hotels (HotelId, Name, CityId, Capacity) values (21, 'Koch, Thompson and Anderson', 13, 129);
insert into Hotels (HotelId, Name, CityId, Capacity) values (22, 'Walsh-Armstrong', 16, 190);
insert into Hotels (HotelId, Name, CityId, Capacity) values (23, 'Bailey, Kirlin and Klein', 14, 157);
insert into Hotels (HotelId, Name, CityId, Capacity) values (24, 'Wisoky, Stroman and Leffler', 7, 149);
insert into Hotels (HotelId, Name, CityId, Capacity) values (25, 'Kunde, Hilll and Torphy', 4, 145);
insert into Hotels (HotelId, Name, CityId, Capacity) values (26, 'Wunsch Inc', 8, 118);
insert into Hotels (HotelId, Name, CityId, Capacity) values (27, 'Williamson-Gerhold', 7, 126);
insert into Hotels (HotelId, Name, CityId, Capacity) values (28, 'Beer-Macejkovic', 17, 118);
insert into Hotels (HotelId, Name, CityId, Capacity) values (29, 'Turcotte, Padberg and Nienow', 9, 143);
insert into Hotels (HotelId, Name, CityId, Capacity) values (30, 'Wuckert-Macejkovic', 12, 141);
insert into Hotels (HotelId, Name, CityId, Capacity) values (31, 'Kerluke LLC', 18, 180);
insert into Hotels (HotelId, Name, CityId, Capacity) values (32, 'Block Inc', 4, 141);
insert into Hotels (HotelId, Name, CityId, Capacity) values (33, 'Lang-Stoltenberg', 17, 173);
insert into Hotels (HotelId, Name, CityId, Capacity) values (34, 'Bernhard-Larson', 9, 114);
insert into Hotels (HotelId, Name, CityId, Capacity) values (35, 'Balistreri and Sons', 3, 148);
insert into Hotels (HotelId, Name, CityId, Capacity) values (36, 'Weber and Sons', 10, 103);
insert into Hotels (HotelId, Name, CityId, Capacity) values (37, 'Weimann and Sons', 9, 165);
insert into Hotels (HotelId, Name, CityId, Capacity) values (38, 'Kris Group', 13, 119);
insert into Hotels (HotelId, Name, CityId, Capacity) values (39, 'Macejkovic, Reilly and Cremin', 7, 104);
insert into Hotels (HotelId, Name, CityId, Capacity) values (40, 'O''Hara Inc', 13, 101);
/*add 100 scientists*/
insert into Scientists (ScientistId, Name, Surname, DateOfBirth, gender, Country, field, HotelId) values (1, 'Rouvin', 'Comazzo', '1979-03-14T04:19:21Z', 'Muski', 7, 'Statistika', 5);
insert into Scientists (ScientistId, Name, Surname, DateOfBirth, gender, Country, field, HotelId) values (2, 'Tommi', 'Thorius', '1958-04-23T23:10:34Z', 'Zenski', 7, 'Kemija', 17);
insert into Scientists (ScientistId, Name, Surname, DateOfBirth, gender, Country, field, HotelId) values (3, 'Gwen', 'Kunzel', '1986-03-26T22:38:20Z', 'Zenski', 10, 'Statistika', 4);
insert into Scientists (ScientistId, Name, Surname, DateOfBirth, gender, Country, field, HotelId) values (4, 'Mercy', 'Stodart', '2000-07-11T10:09:15Z', 'Zenski', 3, 'Kemija', 9);
insert into Scientists (ScientistId, Name, Surname, DateOfBirth, gender, Country, field, HotelId) values (5, 'Shepherd', 'Messer', '1952-01-10T18:33:35Z', 'Zenski', 4, 'Fizika', 6);
insert into Scientists (ScientistId, Name, Surname, DateOfBirth, gender, Country, field, HotelId) values (6, 'Jeffrey', 'Veel', '2002-12-01T17:04:55Z', 'Muski', 3, 'Kemija', 11);
insert into Scientists (ScientistId, Name, Surname, DateOfBirth, gender, Country, field, HotelId) values (7, 'Korey', 'Venediktov', '1998-10-03T08:00:53Z', 'Muski', 3, 'Matematika', 5);
insert into Scientists (ScientistId, Name, Surname, DateOfBirth, gender, Country, field, HotelId) values (8, 'Robina', 'Glewe', '1981-02-24T21:35:57Z', 'Zenski', 10, 'Kemija', 14);
insert into Scientists (ScientistId, Name, Surname, DateOfBirth, gender, Country, field, HotelId) values (9, 'Valerye', 'Robiou', '1977-07-30T07:25:17Z', 'Zenski', 6, 'Kemija', 12);
insert into Scientists (ScientistId, Name, Surname, DateOfBirth, gender, Country, field, HotelId) values (10, 'Brent', 'Hatherill', '1979-06-29T12:42:19Z', 'Muski', 6, 'Informatika', 20);
insert into Scientists (ScientistId, Name, Surname, DateOfBirth, gender, Country, field, HotelId) values (11, 'Marietta', 'Cullen', '1972-08-27T18:20:05Z', 'Muski', 4, 'Informatika', 19);
insert into Scientists (ScientistId, Name, Surname, DateOfBirth, gender, Country, field, HotelId) values (12, 'Trueman', 'Ruddiman', '1962-06-08T19:02:16Z', 'Muski', 4, 'Informatika', 1);
insert into Scientists (ScientistId, Name, Surname, DateOfBirth, gender, Country, field, HotelId) values (13, 'Mayer', 'Whitear', '1993-06-06T04:01:20Z', 'Muski', 9, 'Matematika', 18);
insert into Scientists (ScientistId, Name, Surname, DateOfBirth, gender, Country, field, HotelId) values (14, 'Sam', 'Streetley', '1953-03-11T08:33:22Z', 'Nepoznato', 7, 'Statistika', 2);
insert into Scientists (ScientistId, Name, Surname, DateOfBirth, gender, Country, field, HotelId) values (15, 'Jeanette', 'Jonczyk', '1971-10-22T17:06:13Z', 'Zenski', 1, 'Matematika', 17);
insert into Scientists (ScientistId, Name, Surname, DateOfBirth, gender, Country, field, HotelId) values (16, 'Korella', 'Kinrade', '1963-08-07T08:56:10Z', 'Zenski', 7, 'Statistika', 7);
insert into Scientists (ScientistId, Name, Surname, DateOfBirth, gender, Country, field, HotelId) values (17, 'Isaak', 'Dmytryk', '2001-04-13T23:09:51Z', 'Muski', 6, 'Informatika', 1);
insert into Scientists (ScientistId, Name, Surname, DateOfBirth, gender, Country, field, HotelId) values (18, 'Sheila', 'Hardcastle', '1961-12-27T09:22:33Z', 'Zenski', 10, 'Specijalist', 22);
insert into Scientists (ScientistId, Name, Surname, DateOfBirth, gender, Country, field, HotelId) values (19, 'Giraldo', 'Iannazzi', '1966-01-30T17:16:22Z', 'Zenski', 8, 'Informatika', 22);
insert into Scientists (ScientistId, Name, Surname, DateOfBirth, gender, Country, field, HotelId) values (20, 'Darnell', 'Seward', '1977-04-03T18:46:39Z', 'Muski', 1, 'Informatika', 15);
insert into Scientists (ScientistId, Name, Surname, DateOfBirth, gender, Country, field, HotelId) values (21, 'Lilith', 'Gawthorpe', '1951-12-26T09:43:23Z', 'Zenski', 9, 'Matematika', 4);
insert into Scientists (ScientistId, Name, Surname, DateOfBirth, gender, Country, field, HotelId) values (22, 'Marcello', 'McBeith', '1985-01-05T22:49:23Z', 'Muski', 2, 'Kemija', 8);
insert into Scientists (ScientistId, Name, Surname, DateOfBirth, gender, Country, field, HotelId) values (23, 'Holmes', 'Romaine', '1958-03-21T10:59:04Z', 'Zenski', 4, 'Specijalist', 6);
insert into Scientists (ScientistId, Name, Surname, DateOfBirth, gender, Country, field, HotelId) values (24, 'Ario', 'Ramstead', '1996-10-23T21:01:18Z', 'Muski', 5, 'Matematika', 1);
insert into Scientists (ScientistId, Name, Surname, DateOfBirth, gender, Country, field, HotelId) values (25, 'Mellisa', 'Loyley', '1967-03-04T04:44:50Z', 'Zenski', 4, 'Matematika', 20);
insert into Scientists (ScientistId, Name, Surname, DateOfBirth, gender, Country, field, HotelId) values (26, 'Gun', 'Reeday', '1972-11-12T11:07:54Z', 'Zenski', 7, 'Kemija', 24);
insert into Scientists (ScientistId, Name, Surname, DateOfBirth, gender, Country, field, HotelId) values (27, 'Fields', 'Lefeuvre', '2002-07-24T01:20:06Z', 'Muski', 8, 'Matematika', 23);
insert into Scientists (ScientistId, Name, Surname, DateOfBirth, gender, Country, field, HotelId) values (28, 'Uriah', 'Beresford', '1951-02-14T15:17:35Z', 'Muski', 10, 'Informatika', 11);
insert into Scientists (ScientistId, Name, Surname, DateOfBirth, gender, Country, field, HotelId) values (29, 'Erda', 'Hovard', '1953-07-02T21:05:07Z', 'Nepoznato', 3, 'Statistika', 5);
insert into Scientists (ScientistId, Name, Surname, DateOfBirth, gender, Country, field, HotelId) values (30, 'Jammal', 'Harron', '2001-05-24T13:19:30Z', 'Muski', 7, 'Informatika', 17);
insert into Scientists (ScientistId, Name, Surname, DateOfBirth, gender, Country, field, HotelId) values (31, 'Lawry', 'Hordell', '1979-05-26T21:52:12Z', 'Muski', 6, 'Informatika', 2);
insert into Scientists (ScientistId, Name, Surname, DateOfBirth, gender, Country, field, HotelId) values (32, 'Helli', 'Marryatt', '1999-02-26T19:12:17Z', 'Zenski', 6, 'Fizika', 19);
insert into Scientists (ScientistId, Name, Surname, DateOfBirth, gender, Country, field, HotelId) values (33, 'Morton', 'Truce', '1953-12-18T12:19:54Z', 'Muski', 9, 'Specijalist', 14);
insert into Scientists (ScientistId, Name, Surname, DateOfBirth, gender, Country, field, HotelId) values (34, 'Tremayne', 'Tace', '1957-09-14T08:24:13Z', 'Muski', 7, 'Specijalist', 22);
insert into Scientists (ScientistId, Name, Surname, DateOfBirth, gender, Country, field, HotelId) values (35, 'Keir', 'Poulsen', '1976-09-23T06:36:39Z', 'Muski', 4, 'Fizika', 25);
insert into Scientists (ScientistId, Name, Surname, DateOfBirth, gender, Country, field, HotelId) values (36, 'Monti', 'Beavington', '1978-10-06T03:05:12Z', 'Zenski', 5, 'Kemija', 8);
insert into Scientists (ScientistId, Name, Surname, DateOfBirth, gender, Country, field, HotelId) values (37, 'Ronald', 'McCluskey', '1985-08-09T03:41:13Z', 'Muski', 9, 'Specijalist', 7);
insert into Scientists (ScientistId, Name, Surname, DateOfBirth, gender, Country, field, HotelId) values (38, 'Hilario', 'Eidler', '1971-01-15T07:31:21Z', 'Muski', 8, 'Statistika', 6);
insert into Scientists (ScientistId, Name, Surname, DateOfBirth, gender, Country, field, HotelId) values (39, 'Muffin', 'Wyne', '1978-09-14T10:27:35Z', 'Muski', 8, 'Specijalist', 25);
insert into Scientists (ScientistId, Name, Surname, DateOfBirth, gender, Country, field, HotelId) values (40, 'Mercy', 'Monan', '1980-08-31T14:20:49Z', 'Zenski', 5, 'Informatika', 8);
insert into Scientists (ScientistId, Name, Surname, DateOfBirth, gender, Country, field, HotelId) values (41, 'Dev', 'Rutigliano', '1950-12-15T01:42:47Z', 'Nepoznato', 8, 'Kemija', 18);
insert into Scientists (ScientistId, Name, Surname, DateOfBirth, gender, Country, field, HotelId) values (42, 'Goober', 'Spear', '1987-01-06T22:10:27Z', 'Zenski', 7, 'Fizika', 3);
insert into Scientists (ScientistId, Name, Surname, DateOfBirth, gender, Country, field, HotelId) values (43, 'Dosi', 'Penley', '1955-06-12T20:50:39Z', 'Zenski', 8, 'Informatika', 6);
insert into Scientists (ScientistId, Name, Surname, DateOfBirth, gender, Country, field, HotelId) values (44, 'Alla', 'Hame', '1997-10-19T10:12:23Z', 'Zenski', 6, 'Specijalist', 23);
insert into Scientists (ScientistId, Name, Surname, DateOfBirth, gender, Country, field, HotelId) values (45, 'Farly', 'Hutton', '1989-08-27T21:57:11Z', 'Muski', 8, 'Informatika', 7);
insert into Scientists (ScientistId, Name, Surname, DateOfBirth, gender, Country, field, HotelId) values (46, 'Chandler', 'Ungerecht', '2002-08-19T02:22:03Z', 'Muski', 9, 'Fizika', 6);
insert into Scientists (ScientistId, Name, Surname, DateOfBirth, gender, Country, field, HotelId) values (47, 'Derk', 'Reape', '1965-07-03T05:35:53Z', 'Muski', 10, 'Kemija', 1);
insert into Scientists (ScientistId, Name, Surname, DateOfBirth, gender, Country, field, HotelId) values (48, 'Mauricio', 'St. Hill', '1965-01-09T16:51:29Z', 'Muski', 2, 'Statistika', 8);
insert into Scientists (ScientistId, Name, Surname, DateOfBirth, gender, Country, field, HotelId) values (49, 'Alard', 'Cordero', '1990-06-08T04:32:20Z', 'Muski', 4, 'Matematika', 20);
insert into Scientists (ScientistId, Name, Surname, DateOfBirth, gender, Country, field, HotelId) values (50, 'Benton', 'Pennycook', '1978-08-20T19:32:01Z', 'Muski', 3, 'Kemija', 15);
insert into Scientists (ScientistId, Name, Surname, DateOfBirth, gender, Country, field, HotelId) values (51, 'Andeee', 'Brame', '1994-10-16T08:26:12Z', 'Zenski', 10, 'Kemija', 2);
insert into Scientists (ScientistId, Name, Surname, DateOfBirth, gender, Country, field, HotelId) values (52, 'Brew', 'Dunnan', '1961-08-28T13:17:40Z', 'Muski', 4, 'Statistika', 15);
insert into Scientists (ScientistId, Name, Surname, DateOfBirth, gender, Country, field, HotelId) values (53, 'Siegfried', 'Lightbody', '1994-09-05T04:43:39Z', 'Zenski', 5, 'Kemija', 8);
insert into Scientists (ScientistId, Name, Surname, DateOfBirth, gender, Country, field, HotelId) values (54, 'Nelli', 'Hammerich', '2004-07-02T23:04:42Z', 'Zenski', 5, 'Statistika', 4);
insert into Scientists (ScientistId, Name, Surname, DateOfBirth, gender, Country, field, HotelId) values (55, 'Reinhard', 'Wellstead', '1984-10-25T22:21:32Z', 'Muski', 9, 'Specijalist', 17);
insert into Scientists (ScientistId, Name, Surname, DateOfBirth, gender, Country, field, HotelId) values (56, 'Ellary', 'Ramstead', '1976-10-26T17:28:00Z', 'Muski', 7, 'Matematika', 5);
insert into Scientists (ScientistId, Name, Surname, DateOfBirth, gender, Country, field, HotelId) values (57, 'Wolf', 'Grundle', '1972-04-17T04:20:36Z', 'Muski', 3, 'Fizika', 2);
insert into Scientists (ScientistId, Name, Surname, DateOfBirth, gender, Country, field, HotelId) values (58, 'Alberto', 'Dundon', '1954-12-08T12:16:37Z', 'Muski', 1, 'Fizika', 19);
insert into Scientists (ScientistId, Name, Surname, DateOfBirth, gender, Country, field, HotelId) values (59, 'Irvine', 'Archbold', '1984-05-17T11:03:27Z', 'Zenski', 4, 'Fizika', 10);
insert into Scientists (ScientistId, Name, Surname, DateOfBirth, gender, Country, field, HotelId) values (60, 'Staci', 'Palmer', '1986-08-24T00:14:02Z', 'Zenski', 1, 'Matematika', 11);
insert into Scientists (ScientistId, Name, Surname, DateOfBirth, gender, Country, field, HotelId) values (61, 'Dudley', 'Sambles', '1993-01-19T17:55:22Z', 'Zenski', 1, 'Informatika', 15);
insert into Scientists (ScientistId, Name, Surname, DateOfBirth, gender, Country, field, HotelId) values (62, 'Fleming', 'Lorinez', '1960-07-11T00:25:06Z', 'Muski', 1, 'Kemija', 21);
insert into Scientists (ScientistId, Name, Surname, DateOfBirth, gender, Country, field, HotelId) values (63, 'Wendell', 'Cleere', '1955-06-29T21:57:23Z', 'Zenski', 5, 'Matematika', 25);
insert into Scientists (ScientistId, Name, Surname, DateOfBirth, gender, Country, field, HotelId) values (64, 'Jedidiah', 'Addey', '1950-12-22T05:17:23Z', 'Muski', 1, 'Matematika', 14);
insert into Scientists (ScientistId, Name, Surname, DateOfBirth, gender, Country, field, HotelId) values (65, 'Martino', 'Carruthers', '1955-09-26T15:01:05Z', 'Zenski', 7, 'Fizika', 10);
insert into Scientists (ScientistId, Name, Surname, DateOfBirth, gender, Country, field, HotelId) values (66, 'Joey', 'Stanlike', '1982-04-29T23:12:55Z', 'Muski', 4, 'Statistika', 9);
insert into Scientists (ScientistId, Name, Surname, DateOfBirth, gender, Country, field, HotelId) values (67, 'Courtnay', 'Sheran', '1969-11-20T14:56:05Z', 'Ostalo', 5, 'Matematika', 10);
insert into Scientists (ScientistId, Name, Surname, DateOfBirth, gender, Country, field, HotelId) values (68, 'Caldwell', 'Moodie', '1993-06-08T08:31:49Z', 'Zenski', 8, 'Matematika', 14);
insert into Scientists (ScientistId, Name, Surname, DateOfBirth, gender, Country, field, HotelId) values (69, 'Burg', 'Antonopoulos', '1976-06-04T23:12:27Z', 'Muski', 3, 'Informatika', 6);
insert into Scientists (ScientistId, Name, Surname, DateOfBirth, gender, Country, field, HotelId) values (70, 'Sigfrid', 'Rean', '1979-09-13T10:21:32Z', 'Muski', 7, 'Fizika', 15);
insert into Scientists (ScientistId, Name, Surname, DateOfBirth, gender, Country, field, HotelId) values (71, 'Hermy', 'Skehens', '1992-04-14T12:24:04Z', 'Muski', 10, 'Fizika', 10);
insert into Scientists (ScientistId, Name, Surname, DateOfBirth, gender, Country, field, HotelId) values (72, 'Fawne', 'Laity', '1986-04-01T09:38:32Z', 'Nepoznato', 6, 'Kemija', 19);
insert into Scientists (ScientistId, Name, Surname, DateOfBirth, gender, Country, field, HotelId) values (73, 'Mae', 'Yeell', '1996-03-05T03:10:44Z', 'Zenski', 8, 'Statistika', 16);
insert into Scientists (ScientistId, Name, Surname, DateOfBirth, gender, Country, field, HotelId) values (74, 'Sanderson', 'Sarfatti', '1965-11-04T21:23:51Z', 'Zenski', 9, 'Informatika', 13);
insert into Scientists (ScientistId, Name, Surname, DateOfBirth, gender, Country, field, HotelId) values (75, 'Linn', 'Chamney', '1968-04-13T17:07:53Z', 'Muski', 7, 'Matematika', 14);
insert into Scientists (ScientistId, Name, Surname, DateOfBirth, gender, Country, field, HotelId) values (76, 'Kirk', 'Timcke', '1958-09-04T18:40:11Z', 'Muski', 8, 'Specijalist', 19);
insert into Scientists (ScientistId, Name, Surname, DateOfBirth, gender, Country, field, HotelId) values (77, 'Caleb', 'Renshall', '1987-12-16T18:31:18Z', 'Zenski', 2, 'Fizika', 22);
insert into Scientists (ScientistId, Name, Surname, DateOfBirth, gender, Country, field, HotelId) values (78, 'Pierce', 'Lansdown', '1989-09-04T07:25:29Z', 'Muski', 6, 'Statistika', 14);
insert into Scientists (ScientistId, Name, Surname, DateOfBirth, gender, Country, field, HotelId) values (79, 'Farlie', 'Cowey', '1979-12-27T21:00:06Z', 'Zenski', 9, 'Informatika', 23);
insert into Scientists (ScientistId, Name, Surname, DateOfBirth, gender, Country, field, HotelId) values (80, 'Brittani', 'Worwood', '2000-10-23T01:11:42Z', 'Zenski', 8, 'Kemija', 25);
insert into Scientists (ScientistId, Name, Surname, DateOfBirth, gender, Country, field, HotelId) values (81, 'Carlin', 'Dewberry', '1957-02-16T17:47:23Z', 'Muski', 8, 'Fizika', 19);
insert into Scientists (ScientistId, Name, Surname, DateOfBirth, gender, Country, field, HotelId) values (82, 'Taber', 'Breens', '1969-11-01T09:20:58Z', 'Muski', 9, 'Fizika', 25);
insert into Scientists (ScientistId, Name, Surname, DateOfBirth, gender, Country, field, HotelId) values (83, 'Tucky', 'Bridgstock', '1963-03-09T00:02:25Z', 'Muski', 5, 'Kemija', 10);
insert into Scientists (ScientistId, Name, Surname, DateOfBirth, gender, Country, field, HotelId) values (84, 'Ernesto', 'Brayshaw', '1951-11-11T23:17:45Z', 'Zenski', 6, 'Informatika', 18);
insert into Scientists (ScientistId, Name, Surname, DateOfBirth, gender, Country, field, HotelId) values (85, 'Leif', 'Cudmore', '1978-11-07T15:11:25Z', 'Muski', 9, 'Informatika', 7);
insert into Scientists (ScientistId, Name, Surname, DateOfBirth, gender, Country, field, HotelId) values (86, 'Etan', 'Bruinemann', '1966-03-25T15:41:56Z', 'Muski', 2, 'Fizika', 2);
insert into Scientists (ScientistId, Name, Surname, DateOfBirth, gender, Country, field, HotelId) values (87, 'Goddard', 'Busch', '1984-01-06T20:50:44Z', 'Muski', 7, 'Fizika', 15);
insert into Scientists (ScientistId, Name, Surname, DateOfBirth, gender, Country, field, HotelId) values (88, 'Derry', 'Mechem', '1973-06-17T12:21:42Z', 'Muski', 3, 'Specijalist', 18);
insert into Scientists (ScientistId, Name, Surname, DateOfBirth, gender, Country, field, HotelId) values (89, 'Henderson', 'Chooter', '1983-04-25T08:56:05Z', 'Zenski', 1, 'Kemija', 18);
insert into Scientists (ScientistId, Name, Surname, DateOfBirth, gender, Country, field, HotelId) values (90, 'Stanley', 'Eke', '1957-10-17T12:21:30Z', 'Muski', 3, 'Fizika', 15);
insert into Scientists (ScientistId, Name, Surname, DateOfBirth, gender, Country, field, HotelId) values (91, 'Dunn', 'Frensch', '2001-04-17T12:05:02Z', 'Zenski', 3, 'Specijalist', 17);
insert into Scientists (ScientistId, Name, Surname, DateOfBirth, gender, Country, field, HotelId) values (92, 'Conni', 'Dradey', '1988-01-25T01:41:09Z', 'Zenski', 10, 'Specijalist', 14);
insert into Scientists (ScientistId, Name, Surname, DateOfBirth, gender, Country, field, HotelId) values (93, 'Hadley', 'Early', '1973-02-12T15:07:02Z', 'Muski', 4, 'Kemija', 4);
insert into Scientists (ScientistId, Name, Surname, DateOfBirth, gender, Country, field, HotelId) values (94, 'Jeth', 'Bachelar', '1958-07-14T08:41:40Z', 'Muski', 4, 'Statistika', 2);
insert into Scientists (ScientistId, Name, Surname, DateOfBirth, gender, Country, field, HotelId) values (95, 'Spence', 'Dismore', '1953-08-17T06:39:38Z', 'Muski', 3, 'Fizika', 12);
insert into Scientists (ScientistId, Name, Surname, DateOfBirth, gender, Country, field, HotelId) values (96, 'Cobb', 'Ebourne', '1990-07-03T09:03:43Z', 'Muski', 5, 'Matematika', 10);
insert into Scientists (ScientistId, Name, Surname, DateOfBirth, gender, Country, field, HotelId) values (97, 'Barbey', 'Zambonini', '1981-07-25T01:25:34Z', 'Zenski', 2, 'Kemija', 9);
insert into Scientists (ScientistId, Name, Surname, DateOfBirth, gender, Country, field, HotelId) values (98, 'Joelle', 'Ranns', '1982-11-29T14:07:13Z', 'Zenski', 6, 'Informatika', 13);
insert into Scientists (ScientistId, Name, Surname, DateOfBirth, gender, Country, field, HotelId) values (99, 'Imojean', 'Bris', '1990-08-02T03:12:47Z', 'Zenski', 2, 'Kemija', 22);
insert into Scientists (ScientistId, Name, Surname, DateOfBirth, gender, Country, field, HotelId) values (100, 'Wendell', 'Trevear', '1959-03-21T16:49:58Z', 'Muski', 3, 'Informatika', 25);
/*add 200 relations*/
insert into ScientistsResearch (ResearchId, ScientistId) values (50, 1);
insert into ScientistsResearch (ResearchId, ScientistId) values (32, 2);
insert into ScientistsResearch (ResearchId, ScientistId) values (69, 4);
insert into ScientistsResearch (ResearchId, ScientistId) values (66, 5);
insert into ScientistsResearch (ResearchId, ScientistId) values (39, 6);
insert into ScientistsResearch (ResearchId, ScientistId) values (36, 7);
insert into ScientistsResearch (ResearchId, ScientistId) values (29, 8);
insert into ScientistsResearch (ResearchId, ScientistId) values (46, 9);
insert into ScientistsResearch (ResearchId, ScientistId) values (100, 10);
insert into ScientistsResearch (ResearchId, ScientistId) values (25, 11);
insert into ScientistsResearch (ResearchId, ScientistId) values (99, 12);
insert into ScientistsResearch (ResearchId, ScientistId) values (56, 13);
insert into ScientistsResearch (ResearchId, ScientistId) values (30, 14);
insert into ScientistsResearch (ResearchId, ScientistId) values (39, 15);
insert into ScientistsResearch (ResearchId, ScientistId) values (12, 16);
insert into ScientistsResearch (ResearchId, ScientistId) values (73, 17);
insert into ScientistsResearch (ResearchId, ScientistId) values (40, 18);
insert into ScientistsResearch (ResearchId, ScientistId) values (74, 19);
insert into ScientistsResearch (ResearchId, ScientistId) values (95, 20);
insert into ScientistsResearch (ResearchId, ScientistId) values (96, 21);
insert into ScientistsResearch (ResearchId, ScientistId) values (86, 22);
insert into ScientistsResearch (ResearchId, ScientistId) values (54, 23);
insert into ScientistsResearch (ResearchId, ScientistId) values (19, 24);
insert into ScientistsResearch (ResearchId, ScientistId) values (91, 25);
insert into ScientistsResearch (ResearchId, ScientistId) values (17, 26);
insert into ScientistsResearch (ResearchId, ScientistId) values (59, 27);
insert into ScientistsResearch (ResearchId, ScientistId) values (87, 28);
insert into ScientistsResearch (ResearchId, ScientistId) values (85, 29);
insert into ScientistsResearch (ResearchId, ScientistId) values (33, 30);
insert into ScientistsResearch (ResearchId, ScientistId) values (88, 31);
insert into ScientistsResearch (ResearchId, ScientistId) values (90, 32);
insert into ScientistsResearch (ResearchId, ScientistId) values (12, 33);
insert into ScientistsResearch (ResearchId, ScientistId) values (51, 34);
insert into ScientistsResearch (ResearchId, ScientistId) values (73, 35);
insert into ScientistsResearch (ResearchId, ScientistId) values (37, 36);
insert into ScientistsResearch (ResearchId, ScientistId) values (4, 37);
insert into ScientistsResearch (ResearchId, ScientistId) values (66, 38);
insert into ScientistsResearch (ResearchId, ScientistId) values (4, 39);
insert into ScientistsResearch (ResearchId, ScientistId) values (19, 40);
insert into ScientistsResearch (ResearchId, ScientistId) values (52, 41);
insert into ScientistsResearch (ResearchId, ScientistId) values (24, 42);
insert into ScientistsResearch (ResearchId, ScientistId) values (98, 43);
insert into ScientistsResearch (ResearchId, ScientistId) values (66, 44);
insert into ScientistsResearch (ResearchId, ScientistId) values (73, 45);
insert into ScientistsResearch (ResearchId, ScientistId) values (33, 46);
insert into ScientistsResearch (ResearchId, ScientistId) values (29, 47);
insert into ScientistsResearch (ResearchId, ScientistId) values (8, 48);
insert into ScientistsResearch (ResearchId, ScientistId) values (16, 49);
insert into ScientistsResearch (ResearchId, ScientistId) values (98, 50);
insert into ScientistsResearch (ResearchId, ScientistId) values (84, 51);
insert into ScientistsResearch (ResearchId, ScientistId) values (33, 52);
insert into ScientistsResearch (ResearchId, ScientistId) values (58, 53);
insert into ScientistsResearch (ResearchId, ScientistId) values (22, 54);
insert into ScientistsResearch (ResearchId, ScientistId) values (84, 55);
insert into ScientistsResearch (ResearchId, ScientistId) values (23, 56);
insert into ScientistsResearch (ResearchId, ScientistId) values (16, 57);
insert into ScientistsResearch (ResearchId, ScientistId) values (54, 58);
insert into ScientistsResearch (ResearchId, ScientistId) values (5, 59);
insert into ScientistsResearch (ResearchId, ScientistId) values (86, 60);
insert into ScientistsResearch (ResearchId, ScientistId) values (42, 61);
insert into ScientistsResearch (ResearchId, ScientistId) values (21, 62);
insert into ScientistsResearch (ResearchId, ScientistId) values (13, 63);
insert into ScientistsResearch (ResearchId, ScientistId) values (51, 64);
insert into ScientistsResearch (ResearchId, ScientistId) values (26, 65);
insert into ScientistsResearch (ResearchId, ScientistId) values (97, 66);
insert into ScientistsResearch (ResearchId, ScientistId) values (58, 67);
insert into ScientistsResearch (ResearchId, ScientistId) values (56, 68);
insert into ScientistsResearch (ResearchId, ScientistId) values (23, 69);
insert into ScientistsResearch (ResearchId, ScientistId) values (27, 70);
insert into ScientistsResearch (ResearchId, ScientistId) values (15, 71);
insert into ScientistsResearch (ResearchId, ScientistId) values (57, 72);
insert into ScientistsResearch (ResearchId, ScientistId) values (56, 73);
insert into ScientistsResearch (ResearchId, ScientistId) values (52, 74);
insert into ScientistsResearch (ResearchId, ScientistId) values (81, 75);
insert into ScientistsResearch (ResearchId, ScientistId) values (84, 76);
insert into ScientistsResearch (ResearchId, ScientistId) values (80, 77);
insert into ScientistsResearch (ResearchId, ScientistId) values (25, 78);
insert into ScientistsResearch (ResearchId, ScientistId) values (51, 79);
insert into ScientistsResearch (ResearchId, ScientistId) values (22, 80);
insert into ScientistsResearch (ResearchId, ScientistId) values (74, 81);
insert into ScientistsResearch (ResearchId, ScientistId) values (57, 82);
insert into ScientistsResearch (ResearchId, ScientistId) values (41, 83);
insert into ScientistsResearch (ResearchId, ScientistId) values (18, 84);
insert into ScientistsResearch (ResearchId, ScientistId) values (88, 85);
insert into ScientistsResearch (ResearchId, ScientistId) values (21, 86);
insert into ScientistsResearch (ResearchId, ScientistId) values (64, 87);
insert into ScientistsResearch (ResearchId, ScientistId) values (61, 88);
insert into ScientistsResearch (ResearchId, ScientistId) values (51, 89);
insert into ScientistsResearch (ResearchId, ScientistId) values (17, 90);
insert into ScientistsResearch (ResearchId, ScientistId) values (9, 91);
insert into ScientistsResearch (ResearchId, ScientistId) values (90, 92);
insert into ScientistsResearch (ResearchId, ScientistId) values (2, 93);
insert into ScientistsResearch (ResearchId, ScientistId) values (85, 94);
insert into ScientistsResearch (ResearchId, ScientistId) values (1, 95);
insert into ScientistsResearch (ResearchId, ScientistId) values (72, 96);
insert into ScientistsResearch (ResearchId, ScientistId) values (3, 97);
insert into ScientistsResearch (ResearchId, ScientistId) values (74, 98);
insert into ScientistsResearch (ResearchId, ScientistId) values (84, 99);
insert into ScientistsResearch (ResearchId, ScientistId) values (80, 100);
insert into ScientistsResearch (ResearchId, ScientistId) values (27, 1);
insert into ScientistsResearch (ResearchId, ScientistId) values (36, 2);
insert into ScientistsResearch (ResearchId, ScientistId) values (12, 3);
insert into ScientistsResearch (ResearchId, ScientistId) values (33, 4);
insert into ScientistsResearch (ResearchId, ScientistId) values (93, 5);
insert into ScientistsResearch (ResearchId, ScientistId) values (22, 6);
insert into ScientistsResearch (ResearchId, ScientistId) values (2, 7);
insert into ScientistsResearch (ResearchId, ScientistId) values (97, 8);
insert into ScientistsResearch (ResearchId, ScientistId) values (35, 9);
insert into ScientistsResearch (ResearchId, ScientistId) values (46, 10);
insert into ScientistsResearch (ResearchId, ScientistId) values (49, 11);
insert into ScientistsResearch (ResearchId, ScientistId) values (70, 12);
insert into ScientistsResearch (ResearchId, ScientistId) values (70, 13);
insert into ScientistsResearch (ResearchId, ScientistId) values (45, 14);
insert into ScientistsResearch (ResearchId, ScientistId) values (35, 15);
insert into ScientistsResearch (ResearchId, ScientistId) values (88, 16);
insert into ScientistsResearch (ResearchId, ScientistId) values (51, 17);
insert into ScientistsResearch (ResearchId, ScientistId) values (45, 18);
insert into ScientistsResearch (ResearchId, ScientistId) values (10, 19);
insert into ScientistsResearch (ResearchId, ScientistId) values (46, 20);
insert into ScientistsResearch (ResearchId, ScientistId) values (45, 21);
insert into ScientistsResearch (ResearchId, ScientistId) values (58, 22);
insert into ScientistsResearch (ResearchId, ScientistId) values (62, 23);
insert into ScientistsResearch (ResearchId, ScientistId) values (96, 24);
insert into ScientistsResearch (ResearchId, ScientistId) values (82, 25);
insert into ScientistsResearch (ResearchId, ScientistId) values (13, 26);
insert into ScientistsResearch (ResearchId, ScientistId) values (93, 27);
insert into ScientistsResearch (ResearchId, ScientistId) values (83, 28);
insert into ScientistsResearch (ResearchId, ScientistId) values (5, 29);
insert into ScientistsResearch (ResearchId, ScientistId) values (98, 30);
insert into ScientistsResearch (ResearchId, ScientistId) values (53, 31);
insert into ScientistsResearch (ResearchId, ScientistId) values (76, 32);
insert into ScientistsResearch (ResearchId, ScientistId) values (71, 33);
insert into ScientistsResearch (ResearchId, ScientistId) values (38, 34);
insert into ScientistsResearch (ResearchId, ScientistId) values (89, 35);
insert into ScientistsResearch (ResearchId, ScientistId) values (58, 36);
insert into ScientistsResearch (ResearchId, ScientistId) values (39, 37);
insert into ScientistsResearch (ResearchId, ScientistId) values (34, 38);
insert into ScientistsResearch (ResearchId, ScientistId) values (33, 39);
insert into ScientistsResearch (ResearchId, ScientistId) values (89, 40);
insert into ScientistsResearch (ResearchId, ScientistId) values (55, 41);
insert into ScientistsResearch (ResearchId, ScientistId) values (4, 42);
insert into ScientistsResearch (ResearchId, ScientistId) values (13, 43);
insert into ScientistsResearch (ResearchId, ScientistId) values (12, 44);
insert into ScientistsResearch (ResearchId, ScientistId) values (8, 45);
insert into ScientistsResearch (ResearchId, ScientistId) values (58, 46);
insert into ScientistsResearch (ResearchId, ScientistId) values (59, 47);
insert into ScientistsResearch (ResearchId, ScientistId) values (62, 48);
insert into ScientistsResearch (ResearchId, ScientistId) values (2, 49);
insert into ScientistsResearch (ResearchId, ScientistId) values (47, 50);
insert into ScientistsResearch (ResearchId, ScientistId) values (39, 51);
insert into ScientistsResearch (ResearchId, ScientistId) values (84, 52);
insert into ScientistsResearch (ResearchId, ScientistId) values (47, 53);
insert into ScientistsResearch (ResearchId, ScientistId) values (53, 54);
insert into ScientistsResearch (ResearchId, ScientistId) values (88, 55);
insert into ScientistsResearch (ResearchId, ScientistId) values (9, 56);
insert into ScientistsResearch (ResearchId, ScientistId) values (87, 57);
insert into ScientistsResearch (ResearchId, ScientistId) values (45, 58);
insert into ScientistsResearch (ResearchId, ScientistId) values (9, 59);
insert into ScientistsResearch (ResearchId, ScientistId) values (100, 60);
insert into ScientistsResearch (ResearchId, ScientistId) values (72, 61);
insert into ScientistsResearch (ResearchId, ScientistId) values (15, 62);
insert into ScientistsResearch (ResearchId, ScientistId) values (42, 63);
insert into ScientistsResearch (ResearchId, ScientistId) values (84, 64);
insert into ScientistsResearch (ResearchId, ScientistId) values (16, 65);
insert into ScientistsResearch (ResearchId, ScientistId) values (89, 66);
insert into ScientistsResearch (ResearchId, ScientistId) values (35, 67);
insert into ScientistsResearch (ResearchId, ScientistId) values (44, 68);
insert into ScientistsResearch (ResearchId, ScientistId) values (75, 69);
insert into ScientistsResearch (ResearchId, ScientistId) values (60, 70);
insert into ScientistsResearch (ResearchId, ScientistId) values (47, 71);
insert into ScientistsResearch (ResearchId, ScientistId) values (2, 72);
insert into ScientistsResearch (ResearchId, ScientistId) values (96, 73);
insert into ScientistsResearch (ResearchId, ScientistId) values (65, 74);
insert into ScientistsResearch (ResearchId, ScientistId) values (16, 75);
insert into ScientistsResearch (ResearchId, ScientistId) values (34, 76);
insert into ScientistsResearch (ResearchId, ScientistId) values (100, 77);
insert into ScientistsResearch (ResearchId, ScientistId) values (52, 78);
insert into ScientistsResearch (ResearchId, ScientistId) values (16, 79);
insert into ScientistsResearch (ResearchId, ScientistId) values (59, 80);
insert into ScientistsResearch (ResearchId, ScientistId) values (47, 81);
insert into ScientistsResearch (ResearchId, ScientistId) values (95, 82);
insert into ScientistsResearch (ResearchId, ScientistId) values (31, 83);
insert into ScientistsResearch (ResearchId, ScientistId) values (90, 84);
insert into ScientistsResearch (ResearchId, ScientistId) values (48, 85);
insert into ScientistsResearch (ResearchId, ScientistId) values (90, 86);
insert into ScientistsResearch (ResearchId, ScientistId) values (88, 87);
insert into ScientistsResearch (ResearchId, ScientistId) values (55, 89);
insert into ScientistsResearch (ResearchId, ScientistId) values (33, 90);
insert into ScientistsResearch (ResearchId, ScientistId) values (1, 91);
insert into ScientistsResearch (ResearchId, ScientistId) values (55, 92);
insert into ScientistsResearch (ResearchId, ScientistId) values (10, 93);
insert into ScientistsResearch (ResearchId, ScientistId) values (82, 94);
insert into ScientistsResearch (ResearchId, ScientistId) values (67, 95);
insert into ScientistsResearch (ResearchId, ScientistId) values (94, 96);
insert into ScientistsResearch (ResearchId, ScientistId) values (100, 97);
insert into ScientistsResearch (ResearchId, ScientistId) values (46, 98);
insert into ScientistsResearch (ResearchId, ScientistId) values (37, 99);
insert into ScientistsResearch (ResearchId, ScientistId) values (49, 100);
