
/*add 10 countries*/
insert into Countries (CountryId, Name, Population, PPP) values (1, 'Azerbaijan', 56293281, 20950.09);
insert into Countries (CountryId, Name, Population, PPP) values (2, 'Chile', 34751555, 97288.71);
insert into Countries (CountryId, Name, Population, PPP) values (3, 'Montserrat', 16519110, 84249.89);
insert into Countries (CountryId, Name, Population, PPP) values (4, 'France', 45833530, 39765.95);
insert into Countries (CountryId, Name, Population, PPP) values (5, 'China', 88257347, 35921.62);
insert into Countries (CountryId, Name, Population, PPP) values (6, 'Russia', 45360307, 68124.06);
insert into Countries (CountryId, Name, Population, PPP) values (7, 'Indonesia', 73193310, 8186.98);
insert into Countries (CountryId, Name, Population, PPP) values (8, 'Ireland', 31851946, 92093.06);
insert into Countries (CountryId, Name, Population, PPP) values (9, 'Greece', 10913749, 27547.71);
insert into Countries (CountryId, Name, Population, PPP) values (10, 'Mongolia', 94238976, 25215.44);
/*add 20 cities*/
insert into Cities (CityId, Name, CountryId) values (1, 'Reykjanesbær', 7);
insert into Cities (CityId, Name, CountryId) values (2, 'Krynki', 4);
insert into Cities (CityId, Name, CountryId) values (3, 'El Cerrito', 10);
insert into Cities (CityId, Name, CountryId) values (4, 'Weiyang', 3);
insert into Cities (CityId, Name, CountryId) values (5, 'Sabana de Parra', 10);
insert into Cities (CityId, Name, CountryId) values (6, 'Huancaray', 2);
insert into Cities (CityId, Name, CountryId) values (7, 'Cabadiangan', 4);
insert into Cities (CityId, Name, CountryId) values (8, 'Manchester', 10);
insert into Cities (CityId, Name, CountryId) values (9, 'Shireet', 6);
insert into Cities (CityId, Name, CountryId) values (10, 'Shuanghe', 1);
insert into Cities (CityId, Name, CountryId) values (11, 'Palana', 8);
insert into Cities (CityId, Name, CountryId) values (12, 'Dehī', 6);
insert into Cities (CityId, Name, CountryId) values (13, 'Alençon', 1);
insert into Cities (CityId, Name, CountryId) values (14, 'Cangchang', 3);
insert into Cities (CityId, Name, CountryId) values (15, 'Istres', 7);
insert into Cities (CityId, Name, CountryId) values (16, 'Kopang Satu', 8);
insert into Cities (CityId, Name, CountryId) values (17, 'Banikoara', 7);
insert into Cities (CityId, Name, CountryId) values (18, 'Nowe', 1);
insert into Cities (CityId, Name, CountryId) values (19, 'Pallanchacra', 2);
insert into Cities (CityId, Name, CountryId) values (20, 'President Roxas', 10);
/*add 40 hotels*/
insert into Hotels (HotelId, Name, CityId, Capacity) values (1, 'Glover-Schowalter', 18, 182);
insert into Hotels (HotelId, Name, CityId, Capacity) values (2, 'Olson-Ritchie', 4, 117);
insert into Hotels (HotelId, Name, CityId, Capacity) values (3, 'Wiegand, Schneider and Bins', 19, 198);
insert into Hotels (HotelId, Name, CityId, Capacity) values (4, 'Reichel-Zboncak', 20, 118);
insert into Hotels (HotelId, Name, CityId, Capacity) values (5, 'Feest-Borer', 9, 145);
insert into Hotels (HotelId, Name, CityId, Capacity) values (6, 'Jenkins, Huels and Dickinson', 14, 169);
insert into Hotels (HotelId, Name, CityId, Capacity) values (7, 'Sanford, Quigley and Rippin', 2, 161);
insert into Hotels (HotelId, Name, CityId, Capacity) values (8, 'Zieme LLC', 4, 110);
insert into Hotels (HotelId, Name, CityId, Capacity) values (9, 'Cummerata and Sons', 13, 115);
insert into Hotels (HotelId, Name, CityId, Capacity) values (10, 'Turcotte Inc', 17, 109);
insert into Hotels (HotelId, Name, CityId, Capacity) values (11, 'Schmitt, Durgan and Metz', 20, 133);
insert into Hotels (HotelId, Name, CityId, Capacity) values (12, 'Hayes-Runte', 13, 101);
insert into Hotels (HotelId, Name, CityId, Capacity) values (13, 'Cronin, Sawayn and Cassin', 14, 151);
insert into Hotels (HotelId, Name, CityId, Capacity) values (14, 'Gulgowski, Okuneva and Grady', 15, 170);
insert into Hotels (HotelId, Name, CityId, Capacity) values (15, 'Turner Inc', 14, 148);
insert into Hotels (HotelId, Name, CityId, Capacity) values (16, 'Blanda, Schamberger and Dare', 3, 186);
insert into Hotels (HotelId, Name, CityId, Capacity) values (17, 'Cummerata-Brekke', 9, 143);
insert into Hotels (HotelId, Name, CityId, Capacity) values (18, 'Dicki-Hane', 12, 176);
insert into Hotels (HotelId, Name, CityId, Capacity) values (19, 'Kutch, Kiehn and Paucek', 13, 156);
insert into Hotels (HotelId, Name, CityId, Capacity) values (20, 'Pacocha-Klocko', 3, 161);
insert into Hotels (HotelId, Name, CityId, Capacity) values (21, 'Koch, Thompson and Anderson', 13, 129);
insert into Hotels (HotelId, Name, CityId, Capacity) values (22, 'Walsh-Armstrong', 16, 190);
insert into Hotels (HotelId, Name, CityId, Capacity) values (23, 'Bailey, Kirlin and Klein', 14, 157);
insert into Hotels (HotelId, Name, CityId, Capacity) values (24, 'Wisoky, Stroman and Leffler', 7, 149);
insert into Hotels (HotelId, Name, CityId, Capacity) values (25, 'Kunde, Hilll and Torphy', 4, 145);
insert into Hotels (HotelId, Name, CityId, Capacity) values (26, 'Wunsch Inc', 8, 118);
insert into Hotels (HotelId, Name, CityId, Capacity) values (27, 'Williamson-Gerhold', 7, 126);
insert into Hotels (HotelId, Name, CityId, Capacity) values (28, 'Beer-Macejkovic', 17, 118);
insert into Hotels (HotelId, Name, CityId, Capacity) values (29, 'Turcotte, Padberg and Nienow', 9, 143);
insert into Hotels (HotelId, Name, CityId, Capacity) values (30, 'Wuckert-Macejkovic', 12, 141);
insert into Hotels (HotelId, Name, CityId, Capacity) values (31, 'Kerluke LLC', 18, 180);
insert into Hotels (HotelId, Name, CityId, Capacity) values (32, 'Block Inc', 4, 141);
insert into Hotels (HotelId, Name, CityId, Capacity) values (33, 'Lang-Stoltenberg', 17, 173);
insert into Hotels (HotelId, Name, CityId, Capacity) values (34, 'Bernhard-Larson', 9, 114);
insert into Hotels (HotelId, Name, CityId, Capacity) values (35, 'Balistreri and Sons', 3, 148);
insert into Hotels (HotelId, Name, CityId, Capacity) values (36, 'Weber and Sons', 10, 103);
insert into Hotels (HotelId, Name, CityId, Capacity) values (37, 'Weimann and Sons', 9, 165);
insert into Hotels (HotelId, Name, CityId, Capacity) values (38, 'Kris Group', 13, 119);
insert into Hotels (HotelId, Name, CityId, Capacity) values (39, 'Macejkovic, Reilly and Cremin', 7, 104);
insert into Hotels (HotelId, Name, CityId, Capacity) values (40, 'O''Hara Inc', 13, 101);
/*add 100 scientists*/
insert into Scientists (ScientistId, Name, Surname, DateOfBirth, gender, Country, field, HotelId) values (1, 'Rouvin', 'Comazzo', '1979-03-14T04:19:21Z', 'Muski', 7, 'Statistika', 5);
insert into Scientists (ScientistId, Name, Surname, DateOfBirth, gender, Country, field, HotelId) values (2, 'Tommi', 'Thorius', '1958-04-23T23:10:34Z', 'Zenski', 7, 'Kemija', 17);
insert into Scientists (ScientistId, Name, Surname, DateOfBirth, gender, Country, field, HotelId) values (3, 'Gwen', 'Kunzel', '1986-03-26T22:38:20Z', 'Zenski', 10, 'Statistika', 4);
insert into Scientists (ScientistId, Name, Surname, DateOfBirth, gender, Country, field, HotelId) values (4, 'Mercy', 'Stodart', '2000-07-11T10:09:15Z', 'Zenski', 3, 'Kemija', 9);
insert into Scientists (ScientistId, Name, Surname, DateOfBirth, gender, Country, field, HotelId) values (5, 'Shepherd', 'Messer', '1952-01-10T18:33:35Z', 'Zenski', 4, 'Fizika', 6);
insert into Scientists (ScientistId, Name, Surname, DateOfBirth, gender, Country, field, HotelId) values (6, 'Jeffrey', 'Veel', '2002-12-01T17:04:55Z', 'Muski', 3, 'Kemija', 11);
insert into Scientists (ScientistId, Name, Surname, DateOfBirth, gender, Country, field, HotelId) values (7, 'Korey', 'Venediktov', '1998-10-03T08:00:53Z', 'Muski', 3, 'Matematika', 5);
insert into Scientists (ScientistId, Name, Surname, DateOfBirth, gender, Country, field, HotelId) values (8, 'Robina', 'Glewe', '1981-02-24T21:35:57Z', 'Zenski', 10, 'Kemija', 14);
insert into Scientists (ScientistId, Name, Surname, DateOfBirth, gender, Country, field, HotelId) values (9, 'Valerye', 'Robiou', '1977-07-30T07:25:17Z', 'Zenski', 6, 'Kemija', 12);
insert into Scientists (ScientistId, Name, Surname, DateOfBirth, gender, Country, field, HotelId) values (10, 'Brent', 'Hatherill', '1979-06-29T12:42:19Z', 'Muski', 6, 'Informatika', 20);
insert into Scientists (ScientistId, Name, Surname, DateOfBirth, gender, Country, field, HotelId) values (11, 'Marietta', 'Cullen', '1972-08-27T18:20:05Z', 'Muski', 4, 'Informatika', 19);
insert into Scientists (ScientistId, Name, Surname, DateOfBirth, gender, Country, field, HotelId) values (12, 'Trueman', 'Ruddiman', '1962-06-08T19:02:16Z', 'Muski', 4, 'Informatika', 1);
insert into Scientists (ScientistId, Name, Surname, DateOfBirth, gender, Country, field, HotelId) values (13, 'Mayer', 'Whitear', '1993-06-06T04:01:20Z', 'Muski', 9, 'Matematika', 18);
insert into Scientists (ScientistId, Name, Surname, DateOfBirth, gender, Country, field, HotelId) values (14, 'Sam', 'Streetley', '1953-03-11T08:33:22Z', 'Nepoznato', 7, 'Statistika', 2);
insert into Scientists (ScientistId, Name, Surname, DateOfBirth, gender, Country, field, HotelId) values (15, 'Jeanette', 'Jonczyk', '1971-10-22T17:06:13Z', 'Zenski', 1, 'Matematika', 17);
insert into Scientists (ScientistId, Name, Surname, DateOfBirth, gender, Country, field, HotelId) values (16, 'Korella', 'Kinrade', '1963-08-07T08:56:10Z', 'Zenski', 7, 'Statistika', 7);
insert into Scientists (ScientistId, Name, Surname, DateOfBirth, gender, Country, field, HotelId) values (17, 'Isaak', 'Dmytryk', '2001-04-13T23:09:51Z', 'Muski', 6, 'Informatika', 1);
insert into Scientists (ScientistId, Name, Surname, DateOfBirth, gender, Country, field, HotelId) values (18, 'Sheila', 'Hardcastle', '1961-12-27T09:22:33Z', 'Zenski', 10, 'Specijalist', 22);
insert into Scientists (ScientistId, Name, Surname, DateOfBirth, gender, Country, field, HotelId) values (19, 'Giraldo', 'Iannazzi', '1966-01-30T17:16:22Z', 'Zenski', 8, 'Informatika', 22);
insert into Scientists (ScientistId, Name, Surname, DateOfBirth, gender, Country, field, HotelId) values (20, 'Darnell', 'Seward', '1977-04-03T18:46:39Z', 'Muski', 1, 'Informatika', 15);
insert into Scientists (ScientistId, Name, Surname, DateOfBirth, gender, Country, field, HotelId) values (21, 'Lilith', 'Gawthorpe', '1951-12-26T09:43:23Z', 'Zenski', 9, 'Matematika', 4);
insert into Scientists (ScientistId, Name, Surname, DateOfBirth, gender, Country, field, HotelId) values (22, 'Marcello', 'McBeith', '1985-01-05T22:49:23Z', 'Muski', 2, 'Kemija', 8);
insert into Scientists (ScientistId, Name, Surname, DateOfBirth, gender, Country, field, HotelId) values (23, 'Holmes', 'Romaine', '1958-03-21T10:59:04Z', 'Zenski', 4, 'Specijalist', 6);
insert into Scientists (ScientistId, Name, Surname, DateOfBirth, gender, Country, field, HotelId) values (24, 'Ario', 'Ramstead', '1996-10-23T21:01:18Z', 'Muski', 5, 'Matematika', 1);
insert into Scientists (ScientistId, Name, Surname, DateOfBirth, gender, Country, field, HotelId) values (25, 'Mellisa', 'Loyley', '1967-03-04T04:44:50Z', 'Zenski', 4, 'Matematika', 20);
insert into Scientists (ScientistId, Name, Surname, DateOfBirth, gender, Country, field, HotelId) values (26, 'Gun', 'Reeday', '1972-11-12T11:07:54Z', 'Zenski', 7, 'Kemija', 24);
insert into Scientists (ScientistId, Name, Surname, DateOfBirth, gender, Country, field, HotelId) values (27, 'Fields', 'Lefeuvre', '2002-07-24T01:20:06Z', 'Muski', 8, 'Matematika', 23);
insert into Scientists (ScientistId, Name, Surname, DateOfBirth, gender, Country, field, HotelId) values (28, 'Uriah', 'Beresford', '1951-02-14T15:17:35Z', 'Muski', 10, 'Informatika', 11);
insert into Scientists (ScientistId, Name, Surname, DateOfBirth, gender, Country, field, HotelId) values (29, 'Erda', 'Hovard', '1953-07-02T21:05:07Z', 'Nepoznato', 3, 'Statistika', 5);
insert into Scientists (ScientistId, Name, Surname, DateOfBirth, gender, Country, field, HotelId) values (30, 'Jammal', 'Harron', '2001-05-24T13:19:30Z', 'Muski', 7, 'Informatika', 17);
insert into Scientists (ScientistId, Name, Surname, DateOfBirth, gender, Country, field, HotelId) values (31, 'Lawry', 'Hordell', '1979-05-26T21:52:12Z', 'Muski', 6, 'Informatika', 2);
insert into Scientists (ScientistId, Name, Surname, DateOfBirth, gender, Country, field, HotelId) values (32, 'Helli', 'Marryatt', '1999-02-26T19:12:17Z', 'Zenski', 6, 'Fizika', 19);
insert into Scientists (ScientistId, Name, Surname, DateOfBirth, gender, Country, field, HotelId) values (33, 'Morton', 'Truce', '1953-12-18T12:19:54Z', 'Muski', 9, 'Specijalist', 14);
insert into Scientists (ScientistId, Name, Surname, DateOfBirth, gender, Country, field, HotelId) values (34, 'Tremayne', 'Tace', '1957-09-14T08:24:13Z', 'Muski', 7, 'Specijalist', 22);
insert into Scientists (ScientistId, Name, Surname, DateOfBirth, gender, Country, field, HotelId) values (35, 'Keir', 'Poulsen', '1976-09-23T06:36:39Z', 'Muski', 4, 'Fizika', 25);
insert into Scientists (ScientistId, Name, Surname, DateOfBirth, gender, Country, field, HotelId) values (36, 'Monti', 'Beavington', '1978-10-06T03:05:12Z', 'Zenski', 5, 'Kemija', 8);
insert into Scientists (ScientistId, Name, Surname, DateOfBirth, gender, Country, field, HotelId) values (37, 'Ronald', 'McCluskey', '1985-08-09T03:41:13Z', 'Muski', 9, 'Specijalist', 7);
insert into Scientists (ScientistId, Name, Surname, DateOfBirth, gender, Country, field, HotelId) values (38, 'Hilario', 'Eidler', '1971-01-15T07:31:21Z', 'Muski', 8, 'Statistika', 6);
insert into Scientists (ScientistId, Name, Surname, DateOfBirth, gender, Country, field, HotelId) values (39, 'Muffin', 'Wyne', '1978-09-14T10:27:35Z', 'Muski', 8, 'Specijalist', 25);
insert into Scientists (ScientistId, Name, Surname, DateOfBirth, gender, Country, field, HotelId) values (40, 'Mercy', 'Monan', '1980-08-31T14:20:49Z', 'Zenski', 5, 'Informatika', 8);
insert into Scientists (ScientistId, Name, Surname, DateOfBirth, gender, Country, field, HotelId) values (41, 'Dev', 'Rutigliano', '1950-12-15T01:42:47Z', 'Nepoznato', 8, 'Kemija', 18);
insert into Scientists (ScientistId, Name, Surname, DateOfBirth, gender, Country, field, HotelId) values (42, 'Goober', 'Spear', '1987-01-06T22:10:27Z', 'Zenski', 7, 'Fizika', 3);
insert into Scientists (ScientistId, Name, Surname, DateOfBirth, gender, Country, field, HotelId) values (43, 'Dosi', 'Penley', '1955-06-12T20:50:39Z', 'Zenski', 8, 'Informatika', 6);
insert into Scientists (ScientistId, Name, Surname, DateOfBirth, gender, Country, field, HotelId) values (44, 'Alla', 'Hame', '1997-10-19T10:12:23Z', 'Zenski', 6, 'Specijalist', 23);
insert into Scientists (ScientistId, Name, Surname, DateOfBirth, gender, Country, field, HotelId) values (45, 'Farly', 'Hutton', '1989-08-27T21:57:11Z', 'Muski', 8, 'Informatika', 7);
insert into Scientists (ScientistId, Name, Surname, DateOfBirth, gender, Country, field, HotelId) values (46, 'Chandler', 'Ungerecht', '2002-08-19T02:22:03Z', 'Muski', 9, 'Fizika', 6);
insert into Scientists (ScientistId, Name, Surname, DateOfBirth, gender, Country, field, HotelId) values (47, 'Derk', 'Reape', '1965-07-03T05:35:53Z', 'Muski', 10, 'Kemija', 1);
insert into Scientists (ScientistId, Name, Surname, DateOfBirth, gender, Country, field, HotelId) values (48, 'Mauricio', 'St. Hill', '1965-01-09T16:51:29Z', 'Muski', 2, 'Statistika', 8);
insert into Scientists (ScientistId, Name, Surname, DateOfBirth, gender, Country, field, HotelId) values (49, 'Alard', 'Cordero', '1990-06-08T04:32:20Z', 'Muski', 4, 'Matematika', 20);
insert into Scientists (ScientistId, Name, Surname, DateOfBirth, gender, Country, field, HotelId) values (50, 'Benton', 'Pennycook', '1978-08-20T19:32:01Z', 'Muski', 3, 'Kemija', 15);
insert into Scientists (ScientistId, Name, Surname, DateOfBirth, gender, Country, field, HotelId) values (51, 'Andeee', 'Brame', '1994-10-16T08:26:12Z', 'Zenski', 10, 'Kemija', 2);
insert into Scientists (ScientistId, Name, Surname, DateOfBirth, gender, Country, field, HotelId) values (52, 'Brew', 'Dunnan', '1961-08-28T13:17:40Z', 'Muski', 4, 'Statistika', 15);
insert into Scientists (ScientistId, Name, Surname, DateOfBirth, gender, Country, field, HotelId) values (53, 'Siegfried', 'Lightbody', '1994-09-05T04:43:39Z', 'Zenski', 5, 'Kemija', 8);
insert into Scientists (ScientistId, Name, Surname, DateOfBirth, gender, Country, field, HotelId) values (54, 'Nelli', 'Hammerich', '2004-07-02T23:04:42Z', 'Zenski', 5, 'Statistika', 4);
insert into Scientists (ScientistId, Name, Surname, DateOfBirth, gender, Country, field, HotelId) values (55, 'Reinhard', 'Wellstead', '1984-10-25T22:21:32Z', 'Muski', 9, 'Specijalist', 17);
insert into Scientists (ScientistId, Name, Surname, DateOfBirth, gender, Country, field, HotelId) values (56, 'Ellary', 'Ramstead', '1976-10-26T17:28:00Z', 'Muski', 7, 'Matematika', 5);
insert into Scientists (ScientistId, Name, Surname, DateOfBirth, gender, Country, field, HotelId) values (57, 'Wolf', 'Grundle', '1972-04-17T04:20:36Z', 'Muski', 3, 'Fizika', 2);
insert into Scientists (ScientistId, Name, Surname, DateOfBirth, gender, Country, field, HotelId) values (58, 'Alberto', 'Dundon', '1954-12-08T12:16:37Z', 'Muski', 1, 'Fizika', 19);
insert into Scientists (ScientistId, Name, Surname, DateOfBirth, gender, Country, field, HotelId) values (59, 'Irvine', 'Archbold', '1984-05-17T11:03:27Z', 'Zenski', 4, 'Fizika', 10);
insert into Scientists (ScientistId, Name, Surname, DateOfBirth, gender, Country, field, HotelId) values (60, 'Staci', 'Palmer', '1986-08-24T00:14:02Z', 'Zenski', 1, 'Matematika', 11);
insert into Scientists (ScientistId, Name, Surname, DateOfBirth, gender, Country, field, HotelId) values (61, 'Dudley', 'Sambles', '1993-01-19T17:55:22Z', 'Zenski', 1, 'Informatika', 15);
insert into Scientists (ScientistId, Name, Surname, DateOfBirth, gender, Country, field, HotelId) values (62, 'Fleming', 'Lorinez', '1960-07-11T00:25:06Z', 'Muski', 1, 'Kemija', 21);
insert into Scientists (ScientistId, Name, Surname, DateOfBirth, gender, Country, field, HotelId) values (63, 'Wendell', 'Cleere', '1955-06-29T21:57:23Z', 'Zenski', 5, 'Matematika', 25);
insert into Scientists (ScientistId, Name, Surname, DateOfBirth, gender, Country, field, HotelId) values (64, 'Jedidiah', 'Addey', '1950-12-22T05:17:23Z', 'Muski', 1, 'Matematika', 14);
insert into Scientists (ScientistId, Name, Surname, DateOfBirth, gender, Country, field, HotelId) values (65, 'Martino', 'Carruthers', '1955-09-26T15:01:05Z', 'Zenski', 7, 'Fizika', 10);
insert into Scientists (ScientistId, Name, Surname, DateOfBirth, gender, Country, field, HotelId) values (66, 'Joey', 'Stanlike', '1982-04-29T23:12:55Z', 'Muski', 4, 'Statistika', 9);
insert into Scientists (ScientistId, Name, Surname, DateOfBirth, gender, Country, field, HotelId) values (67, 'Courtnay', 'Sheran', '1969-11-20T14:56:05Z', 'Ostalo', 5, 'Matematika', 10);
insert into Scientists (ScientistId, Name, Surname, DateOfBirth, gender, Country, field, HotelId) values (68, 'Caldwell', 'Moodie', '1993-06-08T08:31:49Z', 'Zenski', 8, 'Matematika', 14);
insert into Scientists (ScientistId, Name, Surname, DateOfBirth, gender, Country, field, HotelId) values (69, 'Burg', 'Antonopoulos', '1976-06-04T23:12:27Z', 'Muski', 3, 'Informatika', 6);
insert into Scientists (ScientistId, Name, Surname, DateOfBirth, gender, Country, field, HotelId) values (70, 'Sigfrid', 'Rean', '1979-09-13T10:21:32Z', 'Muski', 7, 'Fizika', 15);
insert into Scientists (ScientistId, Name, Surname, DateOfBirth, gender, Country, field, HotelId) values (71, 'Hermy', 'Skehens', '1992-04-14T12:24:04Z', 'Muski', 10, 'Fizika', 10);
insert into Scientists (ScientistId, Name, Surname, DateOfBirth, gender, Country, field, HotelId) values (72, 'Fawne', 'Laity', '1986-04-01T09:38:32Z', 'Nepoznato', 6, 'Kemija', 19);
insert into Scientists (ScientistId, Name, Surname, DateOfBirth, gender, Country, field, HotelId) values (73, 'Mae', 'Yeell', '1996-03-05T03:10:44Z', 'Zenski', 8, 'Statistika', 16);
insert into Scientists (ScientistId, Name, Surname, DateOfBirth, gender, Country, field, HotelId) values (74, 'Sanderson', 'Sarfatti', '1965-11-04T21:23:51Z', 'Zenski', 9, 'Informatika', 13);
insert into Scientists (ScientistId, Name, Surname, DateOfBirth, gender, Country, field, HotelId) values (75, 'Linn', 'Chamney', '1968-04-13T17:07:53Z', 'Muski', 7, 'Matematika', 14);
insert into Scientists (ScientistId, Name, Surname, DateOfBirth, gender, Country, field, HotelId) values (76, 'Kirk', 'Timcke', '1958-09-04T18:40:11Z', 'Muski', 8, 'Specijalist', 19);
insert into Scientists (ScientistId, Name, Surname, DateOfBirth, gender, Country, field, HotelId) values (77, 'Caleb', 'Renshall', '1987-12-16T18:31:18Z', 'Zenski', 2, 'Fizika', 22);
insert into Scientists (ScientistId, Name, Surname, DateOfBirth, gender, Country, field, HotelId) values (78, 'Pierce', 'Lansdown', '1989-09-04T07:25:29Z', 'Muski', 6, 'Statistika', 14);
insert into Scientists (ScientistId, Name, Surname, DateOfBirth, gender, Country, field, HotelId) values (79, 'Farlie', 'Cowey', '1979-12-27T21:00:06Z', 'Zenski', 9, 'Informatika', 23);
insert into Scientists (ScientistId, Name, Surname, DateOfBirth, gender, Country, field, HotelId) values (80, 'Brittani', 'Worwood', '2000-10-23T01:11:42Z', 'Zenski', 8, 'Kemija', 25);
insert into Scientists (ScientistId, Name, Surname, DateOfBirth, gender, Country, field, HotelId) values (81, 'Carlin', 'Dewberry', '1957-02-16T17:47:23Z', 'Muski', 8, 'Fizika', 19);
insert into Scientists (ScientistId, Name, Surname, DateOfBirth, gender, Country, field, HotelId) values (82, 'Taber', 'Breens', '1969-11-01T09:20:58Z', 'Muski', 9, 'Fizika', 25);
insert into Scientists (ScientistId, Name, Surname, DateOfBirth, gender, Country, field, HotelId) values (83, 'Tucky', 'Bridgstock', '1963-03-09T00:02:25Z', 'Muski', 5, 'Kemija', 10);
insert into Scientists (ScientistId, Name, Surname, DateOfBirth, gender, Country, field, HotelId) values (84, 'Ernesto', 'Brayshaw', '1951-11-11T23:17:45Z', 'Zenski', 6, 'Informatika', 18);
insert into Scientists (ScientistId, Name, Surname, DateOfBirth, gender, Country, field, HotelId) values (85, 'Leif', 'Cudmore', '1978-11-07T15:11:25Z', 'Muski', 9, 'Informatika', 7);
insert into Scientists (ScientistId, Name, Surname, DateOfBirth, gender, Country, field, HotelId) values (86, 'Etan', 'Bruinemann', '1966-03-25T15:41:56Z', 'Muski', 2, 'Fizika', 2);
insert into Scientists (ScientistId, Name, Surname, DateOfBirth, gender, Country, field, HotelId) values (87, 'Goddard', 'Busch', '1984-01-06T20:50:44Z', 'Muski', 7, 'Fizika', 15);
insert into Scientists (ScientistId, Name, Surname, DateOfBirth, gender, Country, field, HotelId) values (88, 'Derry', 'Mechem', '1973-06-17T12:21:42Z', 'Muski', 3, 'Specijalist', 18);
insert into Scientists (ScientistId, Name, Surname, DateOfBirth, gender, Country, field, HotelId) values (89, 'Henderson', 'Chooter', '1983-04-25T08:56:05Z', 'Zenski', 1, 'Kemija', 18);
insert into Scientists (ScientistId, Name, Surname, DateOfBirth, gender, Country, field, HotelId) values (90, 'Stanley', 'Eke', '1957-10-17T12:21:30Z', 'Muski', 3, 'Fizika', 15);
insert into Scientists (ScientistId, Name, Surname, DateOfBirth, gender, Country, field, HotelId) values (91, 'Dunn', 'Frensch', '2001-04-17T12:05:02Z', 'Zenski', 3, 'Specijalist', 17);
insert into Scientists (ScientistId, Name, Surname, DateOfBirth, gender, Country, field, HotelId) values (92, 'Conni', 'Dradey', '1988-01-25T01:41:09Z', 'Zenski', 10, 'Specijalist', 14);
insert into Scientists (ScientistId, Name, Surname, DateOfBirth, gender, Country, field, HotelId) values (93, 'Hadley', 'Early', '1973-02-12T15:07:02Z', 'Muski', 4, 'Kemija', 4);
insert into Scientists (ScientistId, Name, Surname, DateOfBirth, gender, Country, field, HotelId) values (94, 'Jeth', 'Bachelar', '1958-07-14T08:41:40Z', 'Muski', 4, 'Statistika', 2);
insert into Scientists (ScientistId, Name, Surname, DateOfBirth, gender, Country, field, HotelId) values (95, 'Spence', 'Dismore', '1953-08-17T06:39:38Z', 'Muski', 3, 'Fizika', 12);
insert into Scientists (ScientistId, Name, Surname, DateOfBirth, gender, Country, field, HotelId) values (96, 'Cobb', 'Ebourne', '1990-07-03T09:03:43Z', 'Muski', 5, 'Matematika', 10);
insert into Scientists (ScientistId, Name, Surname, DateOfBirth, gender, Country, field, HotelId) values (97, 'Barbey', 'Zambonini', '1981-07-25T01:25:34Z', 'Zenski', 2, 'Kemija', 9);
insert into Scientists (ScientistId, Name, Surname, DateOfBirth, gender, Country, field, HotelId) values (98, 'Joelle', 'Ranns', '1982-11-29T14:07:13Z', 'Zenski', 6, 'Informatika', 13);
insert into Scientists (ScientistId, Name, Surname, DateOfBirth, gender, Country, field, HotelId) values (99, 'Imojean', 'Bris', '1990-08-02T03:12:47Z', 'Zenski', 2, 'Kemija', 22);
insert into Scientists (ScientistId, Name, Surname, DateOfBirth, gender, Country, field, HotelId) values (100, 'Wendell', 'Trevear', '1959-03-21T16:49:58Z', 'Muski', 3, 'Informatika', 25);